IDRUTA,CODIGORUTA,CODIGODIVIPOL,DESCRIPCION,RUTAOT,MINIMOREGISTROS,LONGITUDRUTA,IDTIPORUTA,ACTIVO,MOTIVOINACTIVACION,ACEPTAINTELIGENTES,VISUALIZAR
110,10160,00000,Bello-Villa Linda,C1-016,42,10092.45,3,S,,N,S
111,10190,00000,Niquía-Terranova,C1-019,17,4005.16,3,S,,N,S
112,100100,00000,Urbana Niquía-Quitasol-Parque Bello,U1-001,30,7124.54,11,S,,N,S
113,100200,00000,Urbana Niquía-Camacol-Parque Bello,U1-002,36,8526.67,11,S,,N,S
114,100300,00000,Urbana Jardines de La Fe-Navarra-Parque Bello,U1-003,63,15007.87,11,S,,N,S
115,100400,00000,Urbana Terranova-Parque Bello,U1-004,35,8390.52,11,S,,N,S
626,71050,00000,Parque de las Aguas-Estación Niquía,C7-004 Porc,73,17414.44,2,N,Se inactiva por orden de Claudia Díaz y Juan David Muñoz, luego de no evidenciar carga de archivos durante los meses de febrero a septiembre del 2020.,N,S
627,71060,00000,Estación Niquía-Parque de las Aguas,C7-004 Porc,68,16345.05,2,N,Se inactiva por orden de Claudia Díaz y Juan David Muñoz, luego de no evidenciar carga de archivos durante los meses de febrero a septiembre del 2020.,N,S
125,4502,00000,Estrella Oriental por Autopista,,169,40613.25,1,N,Elimininada fecha: Wed Apr 29 07:53:24 COT 2020,N,N
126,4001000,00000,Comfama,R4-001,21,4996.97,12,S,,N,S
128,4003000,00000,Cristo Rey,R4-003,12,2815.33,12,N,POR SOLICITUD DE JUAN DAVID MUÑOZ, SE INACTIVA ESTA RUTA,N,S
130,4005000,00000,Los Gomez-Rosario,R4-005,28,6790.89,12,S,,N,S
131,4006000,00000,Los Gomez,R4-006,30,7293.19,12,S,,N,S
132,4007000,00000,El Ajizal,R4-007,27,6382.39,12,N,POR SOLICITUD DE JUAN DAVID MUÑOZ, SE INACTIVA ESTA RUTA,N,S
134,4002,00000,San Antonio de Prado Vergel Oriental,T4-002,158,37812.69,1,S,,N,S
135,4004,00000,San Francisco Oriental,T4-004,145,34716.63,1,S,,N,S
137,4006,00000,San Francisco Minorista,T4-006,148,35417.72,1,S,,N,S
138,4007,00000,Estrella Oriental,T4-007,134,32084.58,1,S,,N,S
139,5407,00000,Envigado-Rosellon-Poblado Derecho-Medellín,M39B,52,12544.8,1,S,,N,S
140,5501,00000,Sabaneta-Medellín-Poblado Buses,M 45,61,14689.14,1,S,,N,S
141,5502,00000,Medellín-Sabaneta-Poblado Buses,M 45,64,15275.85,1,S,,N,S
142,5503,00000,Sabaneta-Medellín-Poblado Ejecutiva-Doctora,M 45,65,15533.64,1,S,,N,S
143,5504,00000,Medellín-Sabaneta-Poblado Ejecutiva-Doctora,M 45,67,16117.84,1,S,,N,S
144,5505,00000,Sabaneta-Medellín-Vegas Ejecutiva-Doctora,M 46,61,14556.71,1,S,,N,S
145,5506,00000,Medellín-Sabaneta-Vegas Ejecutiva-Doctora,M 46,67,16181.93,1,S,,N,S
146,5507,00000,Sabaneta-Medellín-Vegas-CES,M 46,61,14603.81,1,S,,N,S
147,5901,00000,Envigado-San Gabriel,5901,107,25681.16,1,S,,N,S
148,5902,00000,Envigado-Guayabal,5902,70,16687.05,1,S,,N,S
149,5903,00000,Estrella Sabaneta Bodegas,AZUCi,65,15492.83,1,N,Elimininada fecha: Wed Apr 29 07:45:59 COT 2020,N,N
150,5904,00000,Estrella Sabaneta,AZUCi,63,15142.21,1,S,,N,S
151,5301,00000,Rosellon-Parque,M30A,105,25189.49,1,S,,N,S
152,5302,00000,Rosellon-Sebastiana,M30B,100,24022.44,1,S,,N,S
153,5303,00000,Señorial,M33,118,28331.24,1,S,,N,S
154,5304,00000,Gazcuña,M41-1,97,23193.64,1,S,,N,S
155,5305,00000,Gazcuña,M41-2,97,23354.96,1,S,,N,S
156,5306,00000,Rosellon,C25,95,22864.16,1,S,,N,S
221,5401,00000,Envigado-Dorado la Paz-Medellín,M36,65,15640.94,1,S,,N,S
222,5402,00000,Medellín-Envigado-Dorado la Paz,M36,68,16420.44,1,S,,N,S
159,5403,00000,Envigado-Dorado la Paz-Las Vegas-Medellín,M36A,59,14107.9,1,S,,N,S
160,5404,00000,Medellín-Envigado-Dorado la Paz-Las Vegas,M36A,61,14540.08,1,S,,N,S
161,5405,00000,Envigado-Rosellon-Poblado-Medellín,M39A,51,12235.98,1,S,,N,S
528,111255,05001,PLAYÓN DE LOS COMUNEROS - ORIENTAL,024,77,18490.63,8,S,,S,S
529,121265,05001,ARANJUEZ ANILLO DERECHA,041 D,60,14439.45,8,S,,S,S
531,111285,05001,ARANJUEZ INTERMEDIA,042,78,18712.96,8,S,,S,S
607,112761,05001,143 La Colinita,143 La Colinita,102,24490.08,4,N,Cambio de entidad que opera.,N,S
608,112772,05001,142i Metro Aguacatala,142i Metro Aguacatala,28,6657.71,6,N,Cambio de entidad que opera.,N,S
609,112782,05001,143i Aeropuerto Terminal Sur-Mota-Metro,143i ,27,6393.01,6,N,Cambio de entidad que la opera.,N,S
303,131485,05001,LA ESPERANZA,056,74,17833.09,8,S,,S,S
304,121495,05001,BELLO ORIENTE,057,114,27337.09,8,S,,S,S
305,131505,05001,SANTO DOMINGO,060,61,14566.78,8,S,,S,S
306,110065,05001,SAN CRISTOBAL DOÑA MARIA,255,103,24693.39,4,S,,S,S
307,110075,05001,LAS FLORES-MORAVIA-CENTRO,255A,141,33948.19,4,S,,S,S
308,110085,05001,NUEVO OCCIDENTE-LASFLORES,255A NUEVO OCCIDENTE,126,30168.39,4,S,,S,S
309,110095,05001,NUEVO OCCIDENTE EL TIROL,255A T NOC TIROL,122,29168.99,4,S,,S,S
310,110105,05001,SAN CRISTOBAL-CONEXIÓN VIAL,255D,98,23474.63,4,S,,S,S
162,5406,00000,Medellín-Envigado-Rosellon-Poblado,M39A,56,13556.67,1,S,,N,S
163,72030,00000,Barbosa-Estación Niquía-Ruta 2,C7-002 Trans,130,31286.53,2,S,,N,S
164,72040,00000,Barbosa-Estación Niquía-Ruta 2,C7-002 Trans,129,30940.86,2,S,,N,S
165,73050,00000,Girardota-Niquía Ruta 1b,C7-005,59,14274.58,2,S,,N,S
166,73060,00000,Niquía-Girardota Ruta 1b,C7-005,68,16403.14,2,S,,N,S
167,73070,00000,Girardota-Niquía Ruta 2b,C7-006,59,14232.68,2,S,,N,S
168,73080,00000,Niquía-Girardota Ruta 2b,C7-006,70,16756.04,2,S,,N,S
169,74090,00000,Candó-Niquia,C7-009,80,19117.71,2,S,,N,S
665,112965,05001,ÉXITO-CORAZON,201 TRAVESIAS,90,21504.38,8,S,,S,S
676,100500,00000,Circular 2000-1,U1-005,100,24112.51,11,S,,N,S
170,74100,00000,Copacabana Piscinas-Niquia,C7-010,63,15108.84,2,S,,N,S
171,74110,00000,Copacabana San Juan-Niquia,C7-011,67,16018.35,2,S,,N,S
172,74120,00000,Niquía-Copacabana,C7-012,51,12319.93,2,S,,N,S
173,7101,00000,Barbosa-Medellín-Ruta 1,M28B,173,41407.82,1,S,,N,S
174,7102,00000,Medellin-Barbosa-Ruta 1,M28B,177,42451.48,1,S,,N,S
175,7103,00000,Barbosa-Medellín-Ruta 2-Doble Calzada,M28B,177,42585.91,1,S,,N,S
176,7201,00000,Barbosa-Medellín-Ruta 1,M29B,173,41407.82,1,S,,N,S
177,7202,00000,Medellin-Barbosa-Ruta 1,M29BP,177,42451.48,1,S,,N,S
178,7203,00000,Barbosa-Medellín-Ruta 2-Doble Calzada,M29B,177,42585.91,1,S,,N,S
179,7305,00000,Girardota-Medellín Ruta 1,M26,107,25580,1,S,,N,S
180,7306,00000,Medellín-Girardota Ruta 1,M26,118,28275.41,1,S,,N,S
181,7407,00000,Copacabana Autopista Microbús,C11,166,39957.74,1,S,,N,S
182,7408,00000,Copacabana Machado Microbús,C11A,154,37044.16,1,S,,N,S
183,7409,00000,Copacabana Autopista Bus,M22,158,37873.68,1,S,,N,S
184,7410,00000,Copacabana Machado Bus,M21,145,34775.28,1,S,,N,S
185,71010,00000,Barbosa-Estación Niquía-Ruta 1,C7-001 Porc,125,30110.22,2,S,,N,S
186,71020,00000,Estación Niquía-Barbosa-Ruta 1,C7-001 Porc,127,30574.28,2,S,,N,S
187,71030,00000,Barbosa-Estación Niquía-Ruta 2,C7-002 Porc,130,31286.53,2,S,,N,S
188,71040,00000,Estación Niquía-Barbosa-Ruta 2,C7-002 Porc,129,30940.86,2,S,,N,S
189,72010,00000,Barbosa-Estación Niquía-Ruta 1,C7-001 Trans,125,30110.22,2,S,,N,S
190,72020,00000,Estación Niquía-Barbosa-Ruta 1,C7-001 Trans,127,30574.28,2,S,,N,S
191,9204,00000,Caldas-Oriental-La 50,M-61,114,27310.61,1,S,,N,S
192,9205,00000,Oriental-Caldas-La 50,M-61,112,26811.64,1,S,,N,S
215,9107,00000,Oriental-Caldas-Tablaza Variante,M-61,112,26936.82,1,S,,N,S
530,121275,05001,ARANJUEZ ANILLO IZQUIERDA,041 I ,57,13708.01,8,S,,S,S
553,111666,05001,SANTA ELENA-MAZO-LAS BRISAS-MEDELLÍN,98 DIRECTA 1,264,63348.11,9,S,,S,S
216,9108,00000,Caldas-Oriental-Variante,M-61,113,27106.64,1,S,,N,S
197,9313,00000,Caldas-Los Lagos Centro,C-40,224,53852.37,1,S,,N,S
214,9106,00000,Caldas - Oriental - Tablaza Variante,M-61,113,27035.66,1,S,,N,S
451,112517,05001,COMERCIAL HOTELERA DERECHA,304,149,35872.67,10,S,,S,S
452,112527,05001,COMERCIAL HOTELERA IZQUIERDA,305,147,35249.33,10,S,,S,S
462,132417,05001,CIRCULAR IZQUIERDA 302,302,87,20924.46,10,S,,S,S
466,112602,00000,318i,318i ,72,17288.75,6,N,Elimininada fecha: Wed Apr 29 07:52:29 COT 2020,N,N
472,112666,00000,FLORIDA A,RUTA 5,19,4644.08,9,N,Elimininada fecha: Wed Apr 29 07:52:12 COT 2020,N,N
477,112716,00000,HORIZONTES,RUTA 9,23,5627.26,9,N,Elimininada fecha: Wed Apr 29 07:53:39 COT 2020,N,N
494,110915,05001,POBLADO CAMPESTRE DIRECTA,135A,71,17149.71,8,S,,S,S
495,110925,05001,SAN LUCAS - LAS PALMAS,136,96,23133.04,8,S,,S,S
496,110935,05001,COLINAS DEL VIENTO - LA ISLA,136A,55,13104.56,8,S,,S,S
497,110945,05001,TERMINAL DE TRANSPORTE NORTE,287,42,10145.6,8,S,,S,S
498,110952,05001,INDUSTRIALES - AGUACATALA,130i,51,12304.23,6,S,,S,S
499,110962,05001,LA VISITACIÓN, OVIEDO, U. EAFIT,132i,37,8785.04,6,S,,S,S
500,110972,05001,LA VISITACIÓN, OVIEDO, U. EAFIT ALTERNA,132iA,45,10748.4,6,S,,S,S
501,110982,05001,AGUACATALA - POBLADO - AV. 34,132ii,53,12606.02,6,S,,S,S
502,110992,05001,SAN LUCAS,133i,55,13110.65,6,S,,S,S
503,111002,05001,CAMPESTRE, ISA, LOMA DE LOS GONZALEZ,133ii,40,9647.6,6,S,,S,S
504,111012,05001,BALSOS LA Y,133iiA,42,10100.53,6,S,,S,S
505,111022,05001,CES, CHUSCALITO, CHACALTAYA,134iA,75,18031.44,6,S,,S,S
506,111032,05001,LA Y,134i,57,13650.76,6,S,,S,S
507,111042,05001,LOS YARUMOS SAN LUCAS,135i,41,9929.87,6,S,,S,S
508,111052,05001,PATIO BONITO,135ii,22,5307.88,6,S,,S,S
223,112015,05001,SIMÓN BOLIVAR-UNICENTRO-CENTRO,195,82,19564.38,8,S,,S,S
227,111515,05001,EL JARDIN,069,67,16110.67,8,S,,S,S
228,112022,05001,SIMON BOLIVAR-UNICENTRO-ESTACIÓN SANTA LUCÍA,195i,57,13727.73,6,S,,S,S
229,112032,05001,LAURELES CAMPESTRE - ESTACIÓN SANTA LUCÍA - ESTACIÓN FLORESTA,195ii,33,7943.82,6,S,,S,S
230,112045,05001,SAN CRISTOBAL-SAN JAVIER-LA LOMA-CENTRO,C23,132,31630.72,8,S,,S,S
231,112055,05001,SAN CRISTOBAL-LA ASOMADERA-CENTRO,C23 Alterna,149,35647.04,8,S,,S,S
232,112062,05001,SAN CRISTOBAL-ESTACIÓN SAN JAVIER,C23i,83,19992.02,6,S,,S,S
233,112072,05001,SAN CRISTOBAL-CALLE NEGRA-ESTACIÓN AURORA,C23ii,55,13094.52,6,S,,S,S
234,112082,05001,LA ASOMADERA-ESTACIÓN SAN JAVIER,C23i,48,11555.05,6,S,,S,S
235,112092,05001,EL PATIO-ESTACIÓN SAN JAVIER,C23i,92,22181.81,6,S,,S,S
236,112102,05001,LA PALMA-ESTACIÓN SAN JAVIER,C23i,88,21056.51,6,S,,S,S
237,112112,05001,LAS PLAYAS-ESTACIÓN SAN JAVIER,C23i,87,20805.04,6,S,,S,S
238,112122,05001,PEDREGAL BAJO-ESTACIÓN SAN JAVIER,C23i,80,19093.57,6,S,,S,S
249,111395,05001,VILLA HERMOSA - LA MANSIÓN,080 V-M,61,14751.78,8,S,,S,S
250,111405,05001,VILLA HERMOSA - LA MANSIÓN-DIRECTA LA 33,080 V-33,69,16493.52,8,S,,S,S
251,111415,05001,VILLA HERMOSA - LA MANSIÓN-DIRECTA ORIENTAL,080 V-O,52,12496.13,8,S,,S,S
252,111425,05001,VILLA HERMOSA - DERECHO,081,49,11818.39,8,S,,S,S
253,111435,05001,VILLA HERMOSA - LOS ANGELES,082 V-LA,54,12847.3,8,S,,S,S
299,121295,05001,POPULAR CENTRO SAN DIEGO,31 P-SD,93,22339.56,8,S,,S,S
300,121305,05001,POPULAR CENTRO,31 P-C,84,20165.38,8,S,,S,S
198,9314,00000,Caldas-Los Lagos-Coca Cola,C-42,242,57992.72,1,S,,N,S
199,9315,00000,Caldas-Los Lagos-La 30,C-42,204,49008.3,1,S,,N,S
200,9316,00000,Caldas - Coca Cola,C-42,242,57992.72,1,N,Elimininada fecha: Wed Apr 29 07:53:53 COT 2020,N,N
201,9101,00000,Caldas-Minorista-Variante,M-62,229,54897.88,1,S,,N,S
202,9102,00000,Caldas-Minorista-La 50,M-62,230,55124.67,1,S,,N,S
203,9103,00000,Caldas-Minorista-Tablaza Variante,M-62,228,54821.92,1,S,,N,S
204,9104,00000,Caldas-Oriental-La 50,M-61,114,27325.94,1,S,,N,S
205,9105,00000,Oriental-Caldas-La 50,M-61,112,26801.72,1,S,,N,S
217,9206,00000,Caldas-Oriental -  Tablaza Variante,M-61,113,27002.55,1,S,,N,S
218,9207,00000,Oriental-Caldas-Tablaza Variante,M-61,112,26944.48,1,S,,N,S
219,9208,00000,Caldas-Oriental-Variante,M-61,113,27078.39,1,S,,N,S
220,9209,00000,Oriental-Caldas-Variante,M-61,114,27477.23,1,S,,N,S
210,9201,00000,Caldas-Minorista-Variante,M-62,229,54898.12,1,S,,N,S
211,9202,00000,Caldas-Minorista-La 50,M-62,230,55123.85,1,S,,N,S
212,9203,00000,Caldas-Minorista-Tablaza Variante,M-62,228,54821.84,1,S,,N,S
213,9109,00000,Oriental-Caldas-Variante,M-61,114,27459.16,1,S,,N,S
387,110205,05001,ROBLEDO VILLA FLORA,250VF,81,19539.16,8,S,,S,S
390,110215,05001,ROBLEDALES,250R,84,20204.75,8,S,,S,S
392,110225,05001,LA HUERTA,250AH,94,22468.72,8,S,,S,S
509,111062,05001,CASTROPOL - COLEGIO LATINO,136i,67,16097.71,6,S,,S,S
510,111072,05001,LAS PALMAS - CES,136ii,45,10711.03,6,S,,S,S
393,110235,05001,PAJARITO,250AP,109,26164.32,8,S,,S,S
395,110242,05001,PAJARITO INTEGRADA,250AiP,16,3881.37,6,S,,S,S
396,110252,05001,TULIPANES LA HUERTA INTEGRADA,250Aii,23,5631.05,6,S,,S,S
397,110272,05001,MORAVIA,250M,82,19574.18,6,S,,S,S
398,110282,05001,VILLA FLORA INTEGRADA,250iVF,48,11439.76,6,S,,S,S
399,110292,05001,ROBLEDO AURES INTEGRADA,253iA,63,15103.76,6,S,,S,S
400,110302,05001,ROBLEDO AURES INTEGRADA RAMAL,253iAR,61,14652.52,6,S,,S,S
401,110315,05001,MARGARITAS,251,91,21804.64,8,S,,S,S
402,110325,05001,KENNEDY,252,86,20543.51,8,S,,S,S
403,110335,05001,AURES IZQUIERDA,253i,73,17575.37,8,S,,S,S
404,110355,05001,CORDOBA,260C,61,14626.4,8,S,,S,S
405,110365,05001,CLINICA,260CL,71,17140.08,8,S,,S,S
406,110385,05001,BRISAS,260BR,67,16025.73,8,S,,S,S
407,110392,05001,SEMINARIO INTEGRADA,260i,52,12370.95,6,S,,S,S
408,110405,05001,ÉXITO,267,100,23954.21,8,S,,S,S
409,110415,05001,DOCE DE OCTUBRE,285,93,22407.83,8,N,La ruta ya no tiene transmision en Medellin.,S,S
481,112756,00000,MONTAÑITA,RUTA 13,33,7971.32,9,N,Elimininada fecha: Wed Apr 29 07:47:42 COT 2020,N,N
611,112795,05001,TRINIDAD-PARQUE BERRIO,160,54,12875.59,4,S,,S,S
612,112805,05001,TRINIDAD-PARQUE BERRIO-MINORISTA,161,62,14978.56,4,S,,S,S
480,112746,00000,EL SALADO,RUTA 12,31,7448.46,9,N,Elimininada fecha: Wed Apr 29 07:50:31 COT 2020,N,N
479,112736,00000,VILLA LOMA,RUTA 11,16,3723.4,9,N,Elimininada fecha: Wed Apr 29 07:55:30 COT 2020,N,N
1,2003,00000,Cumbre-Carmelo-Alpujarra,M1C,117,28034.87,1,S,,N,S
2,2004,00000,Cabañas-Alpujarra,M3CBS,126,30239.08,1,S,,N,S
3,2005,00000,San Simón-Gran Avenida-Carabobo,M3A,103,24689.51,1,N,Solicitud de inactivación por parte de Juan david Muñoz del Área Metropolitana,N,S
4,2006,00000,Gran avenida-Alpujarra,M3GA,121,29051.39,1,S,,N,S
5,2007,00000,Cumbre-Carmelo-Oriental,M2C,115,27517.42,1,S,,N,S
6,2008,00000,Pérez Comfama-Carmelo-Oriental,M2PZ,116,27881.12,1,S,,N,S
7,2009,00000,Pérez Rosalpi-Carmelo-Oriental,M2PC,114,27265.52,1,S,,N,S
8,2010,00000,Santa Ana-Alpujarra,M5A,117,28150.68,1,S,,N,S
9,2011,00000,Santa Ana-Oriental,M5,115,27521.17,1,S,,N,S
10,2012,00000,París-Medellín-Alpujarra,M8,106,25460.82,1,S,,N,S
11,2013,00000,Santa Ana-Alpujarra,M5AB,115,27558.4,1,S,,N,S
12,2014,00000,Santa Ana-Oriental,M5B,110,26362.16,1,S,,N,S
13,2001,00000,Pérez Comfama-Carmelo-Alpujarra,M1PC,116,27779.66,1,S,,N,S
14,2002,00000,Pérez Rosalpi-Carmelo-Alpujarra,M1PZ,117,28150.89,1,S,,N,S
313,110146,05001,SAN SEBASTIAN PALMITAS CENTRO,255V1D,124,29787.33,9,S,,S,S
478,112726,00000,RUTA 10	INTEGRADA EL VERGEL,RUTA 10,24,5797.24,9,N,Elimininada fecha: Wed Apr 29 07:49:01 COT 2020,N,N
354,52010,00000,Cañaveralejo - Maria Auxiliadora,C5-001,63,15117.7,3,S,,N,S
355,52020,00000,María Auxiliadora - Cañaveralejo,C5-002,49,11759.79,3,S,,N,S
356,52030,00000,Lomitas - María Auxiliadora,C5-003,62,14883.74,3,S,,N,S
357,52040,00000,Loma Casimbas,C5-004,37,8855.19,3,S,,N,S
375,55100,00000,San José-Estación Itagüí,C5-010,69,16675.63,3,S,,N,S
376,59050,00000,Circular Aves Marías,C5-005,28,6838.77,3,S,,N,S
372,55060,00000,La Doctora-Cerámica,C5-006,96,23022.25,3,S,,N,S
373,55070,00000,La Doctora-San Isidro,C5-007,92,22084.83,3,S,,N,S
374,55080,00000,Pan de Azúcar-Estación Itagüí,C5-008,67,16002.45,3,S,,N,S
622,7206,00000,Parque de las Aguas-Medellín,M29BPA,120,28707.57,1,N,Se inactiva por orden de Claudia Díaz y Juan David Muñoz, luego de no evidenciar carga de archivos durante los meses de febrero a septiembre del 2020.,N,S
624,7307,00000,Girardota-Medellín Ruta 2,M26,119,28459.73,1,S,,N,S
625,7308,00000,Medellín-Girardota Ruta 2,M26,125,29966.5,1,S,,N,S
239,111912,05001,20 DE JULIO,225i-1,13,3051.45,6,S,,S,S
240,111922,05001,COLINAS,225i-2,15,3551.07,6,S,,S,S
241,111932,05001,DEPÓSITO,226i-D,16,3949.57,6,S,,S,S
242,111942,05001,SALADO,226i,16,3949.27,6,S,,S,S
243,111952,05001,CASETA,227i-C,20,4719.22,6,S,,S,S
244,111962,05001,PEÑITAS,227i-A,22,5307.28,6,S,,S,S
245,111972,05001,GABRIELA,227i-B,13,3058.72,6,S,,S,S
246,111982,05001,QUINTAS,227i-1,21,5022.17,6,S,,S,S
247,111992,05001,SOCORRO,227iB-2,12,2950.95,6,S,,S,S
248,112002,05001,CONQUISTADORES,228i,16,3779.43,6,S,,S,S
116,4008,00000,Estrella Huesos,T4-008,153,36705.75,1,S,,N,S
117,4010,00000,Yarumito Oriental,T4-010,121,29145.71,1,S,,N,S
118,4013,00000,Calatrava Oriental,T4-013,87,20790.93,1,S,,N,S
119,4014,00000,Calatrava Minorista,T4-014,91,21921.45,1,S,,N,S
120,4016,00000,Guayabalía Oriental,T4-016,71,17115.14,1,S,,N,S
121,4017,00000,Estrella Quinta Oriental,T4-017,151,36182.11,1,S,,N,S
122,4018,00000,Estrella Tercera Minorista,T4-018,158,37832.77,1,S,,N,S
123,4019,00000,San Antonio de Prado Pilsen Oriental,T4-019,180,43083.63,1,S,,N,S
124,4501,00000,Tablaza Juan XIII - Medellín,,171,40964.53,1,N,Elimininada fecha: Wed Apr 29 07:46:20 COT 2020,N,N
615,44230,00000,Itaguí – Simón Bolívar – Ayurá Metro,C4-023,49,11691.4,2,S,,N,S
476,112706,00000,LA VERDE - LOS RIELES,RUTA 8VR,5,1292.23,9,N,Elimininada fecha: Wed Apr 29 07:49:19 COT 2020,N,N
475,112696,00000,LA VERDE - LAS CAMELIAS,RUTA 8VC,9,2187.89,9,N,Elimininada fecha: Wed Apr 29 07:51:38 COT 2020,N,N
474,112686,00000,NARANJITOS,RUTA 7,37,8816.17,9,N,Elimininada fecha: Wed Apr 29 07:48:23 COT 2020,N,N
473,112676,00000,VEREDAL,RUTA 6,15,3551.06,9,N,Elimininada fecha: Wed Apr 29 07:54:58 COT 2020,N,N
471,112656,00000,VERGEL - PRADITO,RUTA 4,35,8452.31,9,N,Elimininada fecha: Wed Apr 29 07:46:59 COT 2020,N,N
470,112646,00000,PRADITO - VERGEL,RUTA 3,35,8455.62,9,N,Elimininada fecha: Wed Apr 29 07:54:24 COT 2020,N,N
469,112636,00000,PRADITO - BARICHARA,RUTA 2,40,9684.57,9,N,Elimininada fecha: Wed Apr 29 07:54:08 COT 2020,S,N
467,112612,00000,319i,319i,67,16134.14,6,N,Elimininada fecha: Wed Apr 29 07:44:36 COT 2020,N,N
95,10010,00000,Niquía-Quitasol,C1-001,26,6171.54,3,S,,N,S
713,5509,00000,Sabaneta-Medellín-Vegas Derecho,M 46,63,15071.52,1,S,,N,S
714,5510,00000,Medellín-Sabaneta-Vegas Derecho,M 46,64,15412.48,1,S,,N,S
618,7106,00000,Parque de las Aguas-Medellín,M29BPA,120,28707.57,1,N,Se inactiva por orden de Claudia Díaz y Juan David Muñoz, luego de no evidenciar carga de archivos durante los meses de febrero a septiembre del 2020.,N,S
96,10020,00000,Niquía-Camacol,C1-002,29,6885.45,3,S,,N,S
88,10170,00000,Niquía-San Félix,C1-017,205,49269.96,3,S,,N,S
89,10180,00000,Niquía-El Tambo,C1-018,182,43778.75,3,S,,N,S
388,59280,00000,Las Palmas-Pantanillo,C5-028,257,61765.42,3,S,,N,S
389,54150,00000,Arenales-Estación Envigado,C5-015,62,14861.93,3,S,,N,S
536,121345,05001,CAMPO VALDES SAN DIEGO,51-52 CV-SD,69,16648.9,8,S,,S,S
537,121465,05001,EL PINAR,055,99,23667.27,8,S,,S,S
538,111475,05001,EL PINAR PERIFERICA,055 P,83,20022.29,8,S,,S,S
548,111616,05001,GOLONDRINAS - MINORISTA,105,57,13579.02,9,S,,S,S
549,111626,05001,EL FARO,105,45,10878.06,9,S,,S,S
619,7107,00000,Medellín-Parque de las Aguas,M28B,118,28219.71,1,N,Se inactiva por orden de Claudia Díaz y Juan David Muñoz, luego de no evidenciar carga de archivos durante los meses de febrero a septiembre del 2020.,N,S
54,200700,00000,San Simón-Parque Horno-Molinares-Amazonia,U2-007,49,11779.24,11,S,,N,S
97,10030,00000,Niquía-Jardines de La Fe Navarra,C1-003,34,8227.12,3,S,,N,S
98,10040,00000,Niquía-Norteamérica,C1-004,58,13841.91,3,S,,N,S
99,10050,00000,Niquía-Maximiliano-Kolbe,C1-005,33,7913.24,3,S,,N,S
100,10060,00000,Niquía-San Martin,C1-006,48,11421.9,3,S,,N,S
465,112592,00000,317i,317i,75,18062.33,6,N,Elimininada fecha: Wed Apr 29 07:52:46 COT 2020,N,N
468,112626,00000,RUTA 1	BARICHARA - PRADITO,RUTA 1,40,9671.87,9,N,Elimininada fecha: Wed Apr 29 07:54:40 COT 2020,N,N
101,10070,00000,Bello-Mirador,C1-007,25,6065.45,3,S,,N,S
616,7104,00000,Medellin-Barbosa-Ruta 2-Doble Calzada,M28B,178,42819.31,1,S,,N,S
102,10080,00000,Bello-Trapiche-Salado,C1-008,37,8902.56,3,S,,N,S
103,10090,00000,Bello-Peña Verde-Rincon del Bosque,C1-009,32,7772.27,3,S,,N,S
104,10100,00000,Bello-Paraíso,C1-010,26,6141.09,3,S,,N,S
105,10110,00000,Niquía-La García-Trapiche,C1-011,51,12282.53,3,S,,N,S
651,47020,00000,Aeropuerto-Terminal del Sur-Mota-Metro,,,,2,N,Elimininada fecha: Wed Apr 29 07:48:03 COT 2020,N,N
658,6101,00000,Santa Rita Zamora,002,80,19283.26,1,S,,N,S
106,10120,00000,Bello-Prado-Congolo-Mirador,C1-012,31,7466.16,3,S,,N,S
107,10130,00000,Bello-Bellavista-San Martín,C1-013,39,9320.78,3,S,,N,S
108,10140,00000,Bello-Bellavista-Pacelly,C1-014,35,8340.7,3,S,,N,S
109,10150,00000,Bello-Tierradentro,C1-015,34,8236.35,3,S,,N,S
631,73100,00000,Niquía-Girardota Ruta 1m,C7-007,65,15638.66,2,S,,N,S
69,20080,00000,Estación Madera-París-Los Sauces,C2-008,43,10321.4,3,S,,N,S
70,20090,00000,Estación Madera-Villas de Occidente-Amazonía,C2-009,33,7985.86,3,S,,N,S
71,200200,00000,Zamora,U2-002,69,16567.68,11,S,,N,S
255,120565,05001,ALFONSO LOPEZ CALLE 94,261,78,18799.87,8,S,,S,S
256,120692,05001,IZQUIERDA CASTILLA - ESTACIÓN UNIVERSIDAD,261i IZQ,53,12610.48,6,S,,S,S
257,120702,05001,DERECHA CASTILLA - ESTACIÓN UNIVERSIDAD,261i DER,45,10860.67,6,S,,S,S
267,110445,05001,CARABOBO - AV. GREIFF,ANILLO 1 CARRERA 73,55,13176.56,8,S,,S,S
268,110455,05001,EL HUECO - PARQUE BERRIO,ANILLO 2 CARRERA 73,63,15187.62,8,S,,S,S
269,110465,05001,ALPUJARRA - ORIENTAL SENTIDO HORARIO,ANILLO 3H CARRERA 73,68,16217.34,8,S,,S,S
270,110475,05001,ALPUJARRA - ORIENTAL SENTIDO ANTIHORARIO,ANILLO 3AH CARRERA 73,70,16714.13,8,S,,S,S
271,110485,05001,AV. GREIFF - PUENTE HORACIO TORO,ANILLO F1 CARRERA 73,55,13195.07,8,S,,S,S
273,110505,05001,CARABOBO - AV. GREIFF,ANILLO 1 CARRERA 65,67,16122.56,8,S,,S,S
274,110515,05001,ALPUJARRA - ORIENTAL SENTIDO HORARIO,ANILLO 3H CARRERA 65,80,19187.76,8,S,,S,S
275,110525,05001,ALPUJARRA - ORIENTAL SENTIDO ANTIHORARIO,ANILLO 3AH CARRERA 65,82,19623.83,8,S,,S,S
276,110535,05001,AV. GREIFF - PUENTE HORACIO TORO,ANILLO F1 CARRERA 65,66,15776.43,8,S,,S,S
277,110545,05001,AV. REGIONAL - SAN DIEGO,ANILLO F2 CARRERA 65,89,21407.38,8,S,,S,S
278,110555,05001,PARQUE LOS PERIODISTAS,ANILLO F3 CARRERA 65,75,17960.33,8,S,,S,S
279,110575,05001,ALFONSO LOPEZ - VIEJO TERMINAL,261A,81,19335.89,8,S,,S,S
280,110585,05001,12 DE OCTUBRE - CALLE 90,263,84,20106.35,8,S,,S,S
666,112885,05001,AVILA IGLESIAS - CATALUÑA,102 RECORRIDO DIRECTO,62,14932.93,8,S,,S,S
281,110595,05001,CASTILLITA,265,74,17787.12,8,S,,S,S
601,112365,05001,LAURELES ÉXITO,191,84,20172.84,8,S,,S,S
602,112375,05001,LAURELES NOGAL # 1,192,63,15002.17,8,S,,S,S
604,112392,05001,ESTADIO-BOLIVARIANA-LAURELES,193i,24,5748.52,6,S,,S,S
567,111805,05001,PERLAS MINORISTA,95,71,17053.39,8,S,,S,S
571,111845,05001,SIERRA MINORISTA,103,94,22553.9,8,S,,S,S
572,111855,05001,MIRLAS,103,73,17609.68,8,S,,S,S
573,111865,05001,MIRLAS MINORISTA,103,94,22661.13,8,S,,S,S
587,112225,05001,CORAZÓN-PLAZA MINORISTA,201B,96,23061.07,8,S,,S,S
589,112245,05001,SANTA MONICA-ORIENTAL,202,75,18105.46,8,S,,S,S
590,112252,05001,EL MORRO-TRAVESIAS-CORAZON-SANTA LUCIA,202i,50,11933.23,6,S,,S,S
592,112275,05001,CORAZÓN-ORIENTAL,203 CORAZÓN,83,19915.55,8,S,,S,S
594,112295,05001,SAN JAVIER DERECHO-CUATRO ESQUINAS-ORIENTAL,221B,69,16589.45,8,S,,S,S
596,112312,05001,VILLA LAURA-SAN JAVIER,221i,28,6619.05,6,S,,S,S
582,112172,05001,FLORESTA,243i,28,6645.04,6,S,,S,S
584,112192,05001,CALASANZ  INTEGRADA,311i,52,12462.98,6,S,,S,S
588,112232,05001,LOS TANQUES-EL VOLCAN-EL CORAZÓN-SAN JAVIER,201i,45,10801.08,6,S,,S,S
599,112345,05001,FLORESTA ESTADIO-ORIENTAL,240,86,20551.9,8,S,,S,S
603,112385,05001,LAURELES NOGAL # 2,193,81,19512.69,8,S,,S,S
442,121365,05001,VILLANUEVA,37 - 39,75,17892.37,8,S,,S,S
447,112497,05001,CIRCULAR 315,315,68,16236.14,10,S,,S,S
448,111445,05001,VILLA HERMOSA - LOS ANGELES - DIRECTA,082 V-LAD,52,12395.2,8,S,,S,S
449,111455,05001,LA HONDA,85,60,14514.94,8,S,,S,S
441,110112,05001,METRO CABLE AURORA - CARCEL,255I,44,10473.09,6,S,,S,S
443,112487,05001,CIRCULAR 286,286,53,12603.07,10,S,,S,S
444,121375,05001,HUECO,37 - 39,78,18666.11,8,S,,S,S
445,121385,05001,FERROCARRIL MINORISTA,37 - 39,91,21723.7,8,S,,S,S
446,142437,05001,TERMINAL DEL NORTE-TERMINAL DEL SUR,313,85,20323.22,10,S,,S,S
265,110425,05001,PICACHO,254,91,21797.41,8,S,,S,S
266,110435,05001,DOCE DE OCTUBRE,288,82,19617.73,8,N,Cambio de entidad que la opera.,S,S
410,110015,05001,BLANQUIZAL,246,73,17637.07,8,S,,S,S
411,110025,05001,BLANQUIZAL CALAZANIA,246C,62,14765.64,8,S,,S,S
412,110035,05001,BLANQUIZAL CONEXIÓN VIAL,246D,73,17545.71,8,S,,S,S
413,110042,05001,BLANQUIZAL INTEGRADA,246i,40,9495.41,6,S,,S,S
414,110052,05001,BLANQUIZAL INTEGRADA,246ii,39,9282.7,6,S,,S,S
415,110375,05001,TORRES,260T,63,15219.01,8,S,,S,S
416,53220,00000,Universidad,C5-022,45,10787.56,3,S,,N,S
302,4008000,00000,La Raya,R4-008,14,3345.58,12,N,POR SOLICITUD DE JUAN DAVID MUÑOZ SE INACTIVA ESTA RUTA,N,S
417,53230,00000,Dorado - Manga Azul,C5-023,31,7323.47,3,S,,N,S
418,53240,00000,Loma del Chocho A,C5-024,115,27515.05,3,S,,N,S
419,53250,00000,Loma del Chocho B,C5-025,109,26150.31,3,S,,N,S
420,54110,00000,El Salado-Estación Envigado,C5-011,57,13574.13,3,S,,N,S
617,7105,00000,Barbosa-Platanito-Medellín,M28BP,148,35497.08,1,S,,N,S
421,54120,00000,El Salado-Barrio Nuevo-Estación Envigado,C5-012,42,10046.81,3,S,,N,S
422,54130,00000,Chinguí 1-Estación Envigado,C5-013,51,12278.09,3,S,,N,S
423,54140,00000,Estación Envigado-Chinguí 2,C5-014,44,10488.23,3,S,,N,S
424,54160,00000,Arenales-Catedral-Estación Envigado,C5-016,92,22051.72,3,S,,N,S
425,54170,00000,La Mina-Estación Envigado,C5-017,44,10662.1,3,S,,N,S
720,1017,00000,Niquía-Parque-Alpujarra,C1R2,126,30219.39,1,S,,N,S
426,54180,00000,San Rafael-Estación Envigado,C5-018,39,9293.14,3,S,,N,S
427,54190,00000,Gualandayes-Estación Envigado,C5-019,42,10107.31,3,S,,N,S
292,110722,05001,12 DE OCTUBRE - ESTACIÓN TRICENTENARIO,263ii,9,2201.6,6,S,,S,S
312,110135,05001,PALMITAS-CENTRO,255P,222,53274.58,8,S,,S,S
315,110166,05001,VEREDA YOLOMBO-PARQUE SAN CRISTOBAL,255V2,63,15075.67,9,S,,S,S
654,2104,00000,Barrio Nuevo-Carrera 70,283,80,19110.83,1,S,,N,S
317,110186,05001,DERECHA VEREDA BOQUERON-PARQUE SAN CRISTOBAL,255V3 ANTIHORARIO,85,20340.18,9,S,,S,S
272,110495,05001,PARQUE LOS PERIODISTAS,ANILLO F3 CARRERA 73,68,16394.87,8,S,,S,S
428,54200,00000,El Capiro-Estación Envigado,C5-020,46,11103.32,3,S,,N,S
429,59210,00000,Antillas-Señorial-Estación Envigado,C5-021,91,21945.59,3,S,,N,S
430,59260,00000,Las Palmas,C5-026,195,46908.32,3,S,,N,S
431,59270,00000,Las Palmas-Acuarela,C5-027,213,51193.79,3,S,,N,S
432,51310,00000,Alto de las Flores (Estación Envigado),C5-031,98,23488.47,3,S,,N,S
433,51300,00000,Farolito,C5-030,78,18739.9,3,S,,N,S
434,51320,00000,San Lucas 1 (Estación Ayurá),C5-032,57,13767.27,3,S,,N,S
435,51330,00000,San Lucas 2A,C5-033,66,15780.68,3,S,,N,S
436,51340,00000,San Lucas 2B,C5-034,57,13797.09,3,S,,N,S
437,59290,00000,Misael,C5-029,84,20074.57,3,S,,N,S
438,55090,00000,La Inmaculada,C5-009,91,21830.43,3,S,,N,S
319,110122,05001,METRO CABLE LA AURORA,255ID,63,15064.15,6,S,,S,S
327,45210,00000,Pueblo Viejo Metro,C4-021,32,7613.09,2,S,,N,S
328,45220,00000,Tablaza Bodegas,C4-022,53,12696.17,2,S,,N,S
329,45240,00000,Bermejala,C4-024,44,10476.53,2,S,,N,S
330,49050,00000,Calatrava – Envigado Metro,C4-005,29,6879.02,2,S,,N,S
331,49070,00000,San Antonio de Prado - Itagui,C4-007,83,19965.49,2,S,,N,S
332,49090,00000,Villa Lía Metro,C4-009,40,9642.9,2,S,,N,S
333,49120,00000,San Francisco Metro- Directo -Torres de Barcelona,C4-012,58,13863.83,2,S,,N,S
334,49170,00000,San Antonio de Prado - Estación Estrella,C4-017,56,13427.14,2,S,,N,S
335,41030,00000,San Antonio de Prado - Aguacatala,C4-003,114,27401.18,2,S,,N,S
336,41140,00000,317i - Sabaneta,C4-014,70,16691.6,2,S,,N,S
337,41150,00000,318i - Barichara,C4-015,71,17077.13,2,S,,N,S
338,41160,00000,319i - El Vergel,C4-016,62,14804.62,2,S,,N,S
339,42060,00000,San Francisco Metro,C4-006,65,15678.87,2,N,Elimininada fecha: Wed Apr 29 07:49:37 COT 2020,N,N
340,42080,00000,Loma De Los Zuleta Metro,C4-008,29,7018.77,2,S,,N,S
341,42130,00000,La Nueva - Estación Sabaneta,C4-013,26,6305.9,2,S,,N,S
342,43100,00000,Cedro de Badajoz Metro,C4-010,56,13381.24,2,S,,N,S
343,43110,00000,San Francisco Metro,C4-011,56,13503,2,N,Elimininada fecha: Wed Apr 29 07:53:03 COT 2020,N,N
344,44040,00000,Ayurá – Ajizal – Pedregal – Itagui Metro,C4-004,83,19848.65,2,S,,N,S
463,112575,00000,317,317,175,42002.7,8,N,Elimininada fecha: Wed Apr 29 07:55:45 COT 2020,N,N
464,112585,00000,317 AGUACATALA,317 AGUACATALA,112,26946.49,8,N,Elimininada fecha: Wed Apr 29 07:50:49 COT 2020,N,N
482,110795,05001,BELÉN LAS PLAYAS,170,94,22461.47,8,S,,S,S
483,110805,05001,BELÉN LA GLORIA,172,111,26586.16,8,S,,S,S
484,110815,05001,BELÉN LA NUBIA,178,111,26538.14,8,S,,S,S
485,110825,05001,POBLADO PARQUE DIRECTA,130,75,17895.88,8,S,,S,S
486,110835,05001,POBLADO PARQUE ALTERNA,130A,77,18453.33,8,S,,S,S
513,111106,05001,QUINTALINDA-EL VERGEL,97,52,12501.99,9,S,,S,S
706,51350,00000,Alto de las Flores (Estación Itagui- Mayorca),C5-031,58,13851.27,3,S,,N,S
566,111795,05001,PERLAS,95,59,14058.63,8,S,,S,S
568,111815,05001,VILLATINA,95,56,13361.72,8,S,,S,S
569,111825,05001,VILLATINA MINORISTA,95,68,16336.67,8,S,,S,S
570,111835,05001,SIERRA,103,73,17458.02,8,S,,S,S
576,111895,05001,SAN ANTONIO-MINORISTA,107,73,17561.23,8,S,,S,S
578,112135,05001,LA DIVISA,242 LA DIVISA,82,19794.66,8,S,,S,S
583,112182,05001,FLORESTA DIRECTA,243iD,21,5018.98,6,S,,S,S
585,112202,05001,CALASANZ DIRECTO INTEGRADA,311ii,46,11031.08,6,S,,S,S
586,112215,05001,BARRIO CRISTOBAL-ORIENTAL,200,65,15608.71,8,S,,S,S
591,112265,05001,BELENCITO-CORAZÓN-ORIENTAL,203 BELENCITO,75,17993.19,8,S,,S,S
593,112285,05001,SAN JAVIER DERECHO-LA CASETA-ORIENTAL,221A,73,17499.9,8,S,,S,S
595,112305,05001,SAN JAVIER-EDUARDO SANTOS-ORIENTAL,220,71,17123.02,8,S,,S,S
605,112402,05001,ESTADIO-LAURELES SANTA TERESITA,193ii,52,12518.54,6,S,,S,S
597,112325,05001,SAN JAVIER NIZA - ORIENTAL,222,86,20691.27,8,S,,S,S
345,45180,00000,Ruta 3 Comfama Metro,C4-018,43,10430.16,2,S,,N,S
346,45190,00000,Ruta 5 Comfama Metro,C4-019,42,10124.59,2,S,,N,S
347,45200,00000,Ruta 7 Ferrería – Estación Estrella,C4-020,40,9622.13,2,S,,N,S
348,99010,00000,Caldas-Estrella-La 50,C9-001,109,26125.13,2,S,,N,S
349,99020,00000,Caldas-Estrella-Variante-Tablaza,C9-002,108,25943.37,2,S,,N,S
350,99030,00000,Caldas-Estrella Variante,C9-003,111,26552.73,2,S,,N,S
351,99060,00000,Lagos-La 50-Estación Itagüí,C9-006,141,33831.68,2,S,,N,S
352,93040,00000,Caldas-Los Lagos-Estrella-La 50,C9-004,109,26125.18,2,S,,N,S
353,93050,00000,Caldas - Los Lagos - Estrella - La 50,C9-005,109,26155.61,2,N,Elimininada fecha: Wed Apr 29 07:46:38 COT 2020,N,N
559,111726,05001,SANTA ELENA-BARRO BLANCO-MEDELLÍN,98 DIRECTA 7,237,56855.37,9,S,,S,S
560,111736,05001,SANTA ELENA-EL CERRO-LAS BRISAS-MEDELLÍN,98 DIRECTA 8,189,45290.51,9,S,,S,S
561,111746,05001,SANTA ELENA-PIEDRAS BLANCAS-LAS BRISAS-MEDELLÍN,98 DIRECTA 9,294,70575.22,9,S,,S,S
514,111126,05001,AVILA-IGLESIA CATALUÑA,102,71,17115.39,9,S,,S,S
515,111136,05001,PABLO ESCOBAR-CATALUÑA,102A,36,8575.14,9,S,,S,S
516,111146,05001,LA MILAGROSA,110,41,9827.81,9,S,,S,S
517,111155,05001,EL SALVADOR,111,56,13437.55,8,S,,S,S
518,111165,05001,AVILA,113B,66,15823.73,8,S,,S,S
519,111176,05001,AVILA - CATALUÑA,113,71,17091.66,9,S,,S,S
520,111186,05001,PABLO E,113M,34,8056.78,9,S,,S,S
521,111196,05001,LAS PALMAS,112,32,7590.99,9,S,,S,S
522,111115,05001,CERROS DE QUINTALINDA,99,55,13317.42,8,S,,S,S
523,111205,05001,SANTA RITA -ZAMORA,002,81,19349.58,8,N,Cambio de entidad que la opera.,S,S
524,111215,05001,LA FRANCIA,006,71,17017.39,8,S,,S,S
525,111225,05001,SANTA CRUZ - TERMINAL,022,69,16617.66,8,S,,S,S
526,111235,05001,POPULAR N° 1,023,75,18050.08,8,S,,S,S
527,111245,05001,PLAYÓN DE LOS COMUNEROS,024,80,19239.85,8,S,,S,S
598,112335,05001,SAN JAVIER LA LOMA-MINORISTA,223,99,23790.1,8,S,,S,S
600,112355,05001,LAURELES PARQUE,190,76,18130.78,8,S,,S,S
440,110345,05001,AURES DERECHA,253D,72,17219.56,8,S,,S,S
314,110156,05001,VEREDA EL LLANO-PARQUE SAN CRISTOBAL,255V1,26,6257.58,9,S,,S,S
316,110176,05001,IZQUIERDA VEREDA BOQUERON-PARQUE SAN CRISTOBAL,255V3 HORARIO,83,19895.11,9,S,,S,S
318,110196,05001,VEREDA PALMITAS,255 VEREDAL,,,9,N,No tiene transmisión ni KML.,N,S
613,2431,,,,21,5024.81,,N,Ruta creada por archivo KML, falta la información básica para activarla,N,S
512,111095,05001,CAUCES-QUINTALINDA,97,69,16609.46,8,S,,S,S
15,1003,00000,Villa Linda-Andalucía-Avenida Oriental,M11B,164,39332.68,1,S,,N,S
16,1004,00000,Niquía-Camacol-Avenida Oriental,M11M,126,30204.14,1,S,,N,S
17,1005,00000,Bellavista-San Martín-Alpujarra,M12,144,34676.58,1,S,,N,S
18,1006,00000,Bellavista-Pachelly-Oriental,M12A,139,33454.57,1,S,,N,S
19,1007,00000,Niquía-Autopista-Carabobo,M13,121,29128.77,1,N,Elimininada fecha: Wed Jul 15 16:04:17 COT 2020,N,N
20,1008,00000,Niquía-Quitasol-Bazares,M13A,120,28919.77,1,N,Elimininada fecha: Wed Jul 15 16:04:29 COT 2020,N,N
21,1009,00000,Niquía-Camacol-Alpujarra,M14,127,30556.69,1,S,,N,S
22,1010,00000,Niquía-Terranova-Oriental,M15,144,34554.61,1,S,,N,S
23,1011,00000,Niquía-Terranova-Alpujarra,M16,153,36686.05,1,S,,N,S
24,1012,00000,Mirador-Parque Norte-Bazares,M17,111,26579.43,1,N,Elimininada fecha: Wed Jul 15 16:04:47 COT 2020,N,N
25,1013,00000,Mirador-Macarena-Alpujarra,M17A,116,27906.69,1,S,,N,S
26,1015,00000,Mirador-Macarena-Alpujarra,M17A,114,27448.47,1,N,Elimininada fecha: Wed Jul 15 16:05:17 COT 2020,N,N
27,1016,00000,Medellín-Niquía-Navarra-Jardines de la Fé,C1R1,127,30583.95,1,N,Elimininada fecha: Wed Jul 15 16:05:28 COT 2020,N,N
28,1018,00000,Niquía-Prado-Alpujarra,C1R2,131,31465.98,1,N,Elimininada fecha: Wed Jul 15 16:05:43 COT 2020,N,N
29,1019,00000,Niquía-Prado-Alpujarra,C1R2,132,31775.64,1,S,,N,S
30,1020,00000,Niquía-Prado-Alpujarra,C1R2,131,31337.94,1,N,Elimininada fecha: Tue Jul 21 12:07:48 COT 2020,N,N
31,1021,00000,Niquía-Prado-Alpujarra,C1R2,129,31058.53,1,N,Elimininada fecha: Tue Jul 21 12:07:58 COT 2020,N,N
32,1022,00000,Niquía-Parque-Oriental,C1R4,122,29385.45,1,S,,N,S
439,110262,05001,ROBLEDAL INTEGRAL,250iR,69,16555.64,6,S,,S,S
33,1023,00000,Niquía-Prado-Oriental,C1R4,129,30947.84,1,S,,N,S
34,1001,00000,Cumbre-Trapiche-Alpujarra,M11A,134,32261.86,1,S,,N,S
35,1002,00000,Villa Linda-Peña Verde-Avenida Oriental,M11B,153,36639.66,1,S,,N,S
532,121335,05001,CAMPO VALDES ORIENTAL,51-52 CV-O,54,12898.33,8,S,,S,S
533,121355,05001,CAMPO VALDES FERROCARRIL,51-52 CV-F,53,12830.54,8,S,,S,S
534,121315,05001,POPULAR FERROCARRIL,31 P-F,81,19541.32,8,S,,S,S
535,121325,05001,CAMPO VALDES CENTRO,51-52 CV-C,56,13400.14,8,S,,S,S
539,111525,05001,PINAR TORRES,87,40,9523.74,8,S,,S,S
540,111535,05001,PINAR TORRES,88,49,11773.15,8,S,,S,S
541,111545,05001,PINAL,90,61,14753.35,8,S,,S,S
542,111555,05001,LLANADAS,90 L,,,8,S,,S,S
543,111565,05001,LLANADAS,91,43,10342.33,8,S,,S,S
544,111575,05001,PINAL,91 P,,,8,S,,S,S
545,111585,05001,EL FARO,91 F,49,11842.57,8,S,,N,S
546,111595,05001,VILLA MERCEDES,91 V,52,12420.03,8,S,,N,S
547,111606,05001,GOLONDRINAS,105,42,10077.87,9,S,,S,S
550,111636,05001,VILLA MERCEDES,105,49,11709.45,9,S,,S,S
551,111646,05001,TRES ESQUINAS,106,39,9403.9,9,S,,S,S
552,111656,05001,TRES ESQUINAS - MINORISTA,106,55,13091.16,9,S,,S,S
554,111676,05001,SANTA ELENA-BARRO BLANCO-LAS BRISAS-MEDELLÍN,98 DIRECTA 2,264,63404.58,9,S,,S,S
555,111686,05001,SANTA ELENA-LAS BRISAS-MEDELLÍN,98 DIRECTA 3,169,40453.28,9,S,,S,S
556,111696,05001,SANTA ELENA-PERICO-LAS BRISAS-MEDELLÍN,98 DIRECTA 4,199,47775.59,9,S,,S,S
557,111706,05001,SANTA ELENA-EL PLAN-LAS BRISAS-MEDELLÍN,98 DIRECTA 5,225,54028.59,9,S,,S,S
558,111716,05001,SANTA ELENA-PIEDRAS BLANCAS-MEDELLÍN,98 DIRECTA 6,297,71224.26,9,S,,S,S
55,20100,00000,Estación Madera-Gabriela-Machado-Parque,C2-010,78,18651.27,3,S,,N,S
56,200100,00000,París-Bello,U2-001,60,14440.45,11,S,,N,S
60,200500,00000,Florida-Barrio Nuevo,U2-005,60,14403.84,11,S,,N,S
58,200300,00000,Circular 2000-1,U2-003,100,24112.51,11,S,,N,S
59,200400,00000,Circular 2000-2,U2-004,101,24193.77,11,S,,N,S
61,200600,00000,Gran Avenida-Barrio Nuevo,U2-006,58,13827.7,11,S,,N,S
62,20010,00000,Estacion Bello-cumbre-Carmelo,C2-001,27,6552.43,3,S,,N,S
457,112447,05001,CIRCULAR,300,114,27306,10,S,,S,S
458,112457,05001,CIRCULAR,301,117,28099.04,10,S,,S,S
459,112467,05001,CIRCULAR,310,108,25809.34,10,S,,S,S
460,112477,05001,CIRCULAR,311,106,25387.44,10,S,,S,S
487,110845,05001,POBLADO ÉXITO DIRECTA,132,80,19300.03,8,S,,S,S
488,110855,05001,POBLADO ÉXITO ALTERNA,132A,74,17704.72,8,S,,S,S
489,110865,05001,POBLADO SAN LUCAS DIRECTA,133,84,20118.96,8,S,,S,S
490,110875,05001,SAN LUCAS DIRECTA,133D,82,19647.21,8,S,,S,S
491,110885,05001,POBLADO - EL TESORO - LA CHACONA,134,73,17619.01,8,S,,S,S
492,110895,05001,POBLADO - EL TESORO - LA Y,134Y,88,21082.39,8,S,,S,S
620,7204,00000,Medellin-Barbosa-Ruta 2-Doble Calzada,M29B,178,42819.52,1,S,,N,S
621,7205,00000,Barbosa-Platanito-Medellín,M29BP,148,35497.08,1,S,,N,S
623,7207,00000,Medellín-Parque de las Aguas,M29BPA,118,28219.71,1,N,Se inactiva por orden de Claudia Díaz y Juan David Muñoz, luego de no evidenciar carga de archivos durante los meses de febrero a septiembre del 2020.,N,S
628,72050,00000,Parque de las Aguas-Estación Niquía,C7-004 Trans,73,17414.44,2,N,Se inactiva por orden de Claudia Díaz y Juan David Muñoz, luego de no evidenciar carga de archivos durante los meses de febrero a septiembre del 2020.,N,S
629,72060,00000,Estación Niquía-Parque de las Aguas,C7-004 Trans,68,16345.05,2,N,Se inactiva por orden de Claudia Díaz y Juan David Muñoz, luego de no evidenciar carga de archivos durante los meses de febrero a septiembre del 2020.,N,S
630,73090,00000,Girardota-Niquía Ruta 1m,C7-007,59,14274.58,2,S,,N,S
632,73110,00000,Girardota-Niquía Ruta 2m,C7-008,59,14232.68,2,S,,N,S
633,72120,00000,Niquía - Girardota ruta 2m,,,,2,N,Elimininada fecha: Wed Apr 29 07:47:20 COT 2020,N,N
634,74130,00000,Madera-Copacabana,C7-012,64,15246.4,2,S,,N,S
635,73120,00000,Niquía-Girardota Ruta 2m,C7-008,67,15992.91,2,S,,N,S
493,110905,05001,POBLADO CAMPESTRE,135,81,19479.78,8,S,,S,S
511,111085,05001,BUENOS AIRES,96,89,21327.66,8,S,,S,S
562,111755,05001,LA TOMA,93,45,10843.41,8,S,,S,S
563,111765,05001,CAICEDO,93,47,11274.82,8,S,,S,S
564,111775,05001,MINORISTA,93,55,13176.55,8,S,,S,S
565,111785,05001,SANTA LUCIA,94,69,16584.54,8,S,,S,S
574,111875,05001,PERLAS,107,45,10862.81,8,S,,S,S
575,111885,05001,SAN ANTONIO,107,49,11666.75,8,S,,S,S
577,111905,05001,RATÓN PELAO,107,43,10270.33,8,S,,S,S
579,112145,05001,LA QUIEBRA,242 LA QUIEBRA,74,17766.64,8,S,,S,S
580,112155,05001,LA DIVISA,243 LA DIVISA,100,23958.15,8,S,,S,S
581,112165,05001,LA QUIEBRA,243 LA QUIEBRA,91,21820.48,8,S,,S,S
450,112507,05001,CIRCULAR 316,316,71,17112.24,10,S,,S,S
453,112537,05001,RUTA DE LA SALUD DERECHA,308,99,23802.73,10,S,,S,S
454,112547,05001,RUTA DE LA SALUD DERECHA DIRECTA,308D,91,21901.02,10,S,,S,S
455,112557,05001,RUTA DE LA SALUD IZQUIERDA,309,106,25410.17,10,S,,S,S
456,112567,05001,RUTA DE LA SALUD IZQUIERDA DIRECTA,309D,102,24379.11,10,S,,S,S
461,142427,05001,CIRCULAR DERECHA 303,303,87,20779.39,10,S,,S,S
282,110605,05001,SANTANDER - CARRERA 73,280,86,20555.22,8,S,,S,S
283,110615,05001,SANTANDER - CARRERA 73,280 DIRECTA,78,18705.92,8,S,,S,S
284,110625,05001,FLORENCIA,281,79,18962.12,8,S,,S,S
285,110635,05001,DOCE DE OCTUBRE - HPTU,282,77,18486.52,8,N,Cambio de entidad que la opera.,S,S
286,110645,05001,BARRIO NUEVO - CARRERA 70,283,82,19637.6,8,N,Cambio de entidad que la opera.,S,S
287,110655,05001,PILARICA CALLE 96,289,89,21275.59,8,S,,S,S
288,110665,05001,BARRIO NUEVO - CARRERA 74,284,99,23689.99,8,N,Cambio de entidad que la opera.,S,S
289,110675,05001,TRANSVERSAL OCCIDENTAL,402,80,19296.56,8,N,Cambio de entidad que la opera.,S,S
290,110682,05001,PILARICA INTEGRADA,254i,40,9693.36,6,S,,S,S
291,110712,05001,12 DE OCTUBRE - ESTACIÓN TRICENTENARIO,263i,37,8836.01,6,S,,S,S
293,110732,05001,ESTACIÓN TRICENTENARIO,261ii,36,8648.66,6,S,,S,S
294,110742,05001,GRATAMIRA-ESTACIÓN ACEVEDO,270i,25,6119.75,6,S,,S,S
295,110752,05001,FLORENCIA-ESTACIÓN ACEVEDO,283i,30,7251.73,6,S,,S,S
296,110762,05001,IZQUIERDA-CIRCULAR NOROCCIDENTAL,306A,65,15672.26,6,S,,S,S
297,110772,05001,DERECHA-CIRCULAR NOROCCIDENTAL,306B,65,15683.94,6,S,,S,S
298,110782,05001,PILARICA,254iB,43,10278.51,6,S,,S,S
301,4001,00000,San Antonio de Prado Oriental,T4-001,156,37531.13,1,S,,N,S
63,20020,00000,Estación Bello-Rosalpi-Vereda Hatoviejo,C2-002,29,6941.27,3,S,,N,S
64,20030,00000,Estación Bello-Pérez Comfama,C2-003,26,6348.85,3,S,,N,S
65,20040,00000,Estación Bello-Santa Ana-Bucaros,C2-004,33,7807.93,3,S,,N,S
66,20050,00000,Estación Bello-Vereda Potrerito,C2-005,35,8414.09,3,S,,N,S
67,20060,00000,Estación Madera-Barrio Obrero-Gran Avenida,C2-006,30,7239.05,3,S,,N,S
68,20070,00000,Estación Madera-Cabañas-Barrio Nuevo,C2-007,25,6000.24,3,S,,N,S
636,410100,00000,317,,,,11,N,Elimininada fecha: Wed Apr 29 07:51:05 COT 2020,N,N
643,410800,00000,Naranjitos,,,,5,N,La empresa utiliza otro código id,N,S
638,410300,00000,Pradito - Barichara,,,,5,N,La empresa utiliza otro código id,N,S
648,460200,00000,TRINIDAD-PARQUE BERRIO-MINORISTA,,,,11,N,Elimininada fecha: Wed Apr 29 07:55:59 COT 2020,N,N
673,112915,05001,ENCISO EL PINAL,090 ALCAZARES DE SUCRE,66,15736.85,8,S,,S,S
645,411000,00000,Integrada El Vergel,,,,5,N,La empresa utiliza otro código id,N,S
669,112935,05001,GOLONDRINAS,105 HORARIO NOCTURNO,42,10197.65,8,S,,S,S
661,112845,05001,ALPUJARRA - ORIENTAL SENTIDO HORARIO,ANILLO 3H CARRERA 65 - HORARIO ESPECIAL,89,21463.87,8,S,,S,S
649,470100,00000,La Colinita,143,102,24490.08,11,N,Elimininada fecha: Wed Apr 29 07:51:54 COT 2020,N,N
657,2102,00000,Transversal Occidental,402,80,19307.53,1,S,,N,S
663,112865,05001,CAUCES - QUINTA LINDA,097 HORARIO ESPECIAL,85,20335.3,8,S,,S,S
677,100600,00000,Circular 2000-2,U1-006,101,24193.77,11,S,,N,S
672,112925,05001,GOLONDRINAS,105 HORARIO ESPECIAL,32,7594.49,8,S,,S,S
640,410500,00000,Vergel - Pradito,,,,5,N,La empresa utiliza otro código id,N,S
662,112855,05001,BUENOS AIRES,096 HORARIO ESPECIAL,101,24328.62,8,S,,S,S
637,410200,00000,Barichara - Pradito,,,,5,N,La empresa utiliza otro código id,N,S
647,460100,00000,TRINIDAD-PARQUE BERRIO,,,,11,N,Elimininada fecha: Wed Apr 29 07:49:54 COT 2020,N,N
642,410700,00000,Florida B,,,,5,N,La empresa utiliza otro código id,N,S
639,410400,00000,Pradito - Vergel,,,,5,N,La empresa utiliza otro código id,N,S
646,411100,00000,Villaloma,,,,5,N,La empresa utiliza otro código id,N,S
644,410900,00000,Horizonte,,,,5,N,La empresa utiliza otro código id,N,S
650,47010,00000,La Colinita - Aguacatala,143i,28,6657.71,2,N,Elimininada fecha: Wed Apr 29 07:48:42 COT 2020,N,N
653,2103,00000,Doce de Octubre-HPTU,282,82,19702.62,1,S,,N,S
667,112955,05001,ÉXITO-CORAZON,201,88,21213.46,8,S,,S,S
670,112895,05001,EL SALVADOR DERECHO,111 DERECHO,55,13159.79,8,S,,S,S
641,410600,00000,Florida A,,,,5,N,La empresa utiliza otro código id,N,S
652,2201,00000,Paris-Doce de Octubre,285,97,23302.91,1,S,,N,S
655,2105,00000,Barrio Nuevo-Carrera 74,284,95,22739.5,1,S,,N,S
656,2101,00000,Doce de Octubre,288,90,21678.92,1,S,,N,S
664,112875,05001,CERROS DE QUINTA LINDA,099 HORARIO ESPECIAL,62,14913.6,8,S,,S,S
668,112945,05001,TRES ESQUINAS,106 HORARIO ESPECIAL,29,7007.17,8,S,,S,S
659,112816,05001,VEREDA LA SUIZA-LA FRISOLA-LA GUAYABALA-LA VOLCANA,255 VEREDALES 1,80,19282.46,9,S,,N,S
660,112826,05001,VEREDA LA ALDEA,255 VEREDALES 2,42,10120.54,9,S,,N,S
671,112905,05001,PINAL TORRES MINORISTA,087 HORARIO ESPECIAL MINORISTA,54,12863.35,8,S,,S,S
718,113435,05001,LA HONDA - MINORISTA,85,65,15681.37,8,S,,S,S
127,4002000,00000,Olivares,R4-002,6,1469.55,12,S,,N,S
700,5869,00000,PRUEBA,,40,9686.85,1,N,Elimininada fecha: Thu Aug 20 08:39:55 COT 2020,N,N
688,4024,00000,San Antonio de Prado Limonar,T4-024,177,42563.71,1,S,,N,S
696,46010,00000,La Colinita - Estación Aguacatala,C4-001,40,9686.85,2,S,,N,S
707,51360,00000,San Lucas 1 (Estación Envigado),C5-032,64,15377.5,3,S,,N,S
719,6102,00000,Santa Rita Zamora Madre Laura,002,38,9114.8,1,S,,N,S
721,6901,00000,El Pinar,55,109,26242.04,1,S,,N,S
129,4004000,00000,Santa Maria Nueva,R4-004,12,2979.44,12,S,,N,S
705,6662,00000,RUTA3PRUEBA,000003,26,6171.54,9,N,Elimininada fecha: Wed Apr 29 07:56:32 COT 2020,N,N
717,113425,05001,LA CRUZ,085,58,13824.71,8,S,,S,S
681,6201,00000,El Pinar,55,109,26242.04,1,N,Elimininada fecha: Mon Aug 10 16:25:34 COT 2020,N,N
685,6205,00000,El Pinar (Periférica) -1. La Y Altos-Estación Sto Domingo,055AL,34,8192.39,1,N,Aún no se traslada la empresa,N,S
715,6663,00000,PRUEBA2,1234,26,6171.54,4,N,Elimininada fecha: Wed Apr 29 07:50:13 COT 2020,N,N
686,4005,00000,San Francisco Huesos,T4-005,145,34917.36,1,S,,N,S
687,4020,00000,Estrella por Autopista Minorista,T4-020,163,39040.68,1,S,,N,S
693,49060,00000,San Francisco - Metro - Derecho por la 70,C4-006,61,14673.06,2,S,,N,S
695,49110,00000,San Francisco - Metro -Samaria por la 69,C4-011,71,17000.87,2,S,,N,S
679,20120,00000,Estación Madera-Machado-Corta,C2-012,35,8391.79,3,S,,N,S
702,6666,00000,RUTA1PRUEBA,000001,26,6171.54,10,N,Elimininada fecha: Wed Apr 29 07:45:20 COT 2020,N,N
690,4026,00000,Aeropuerto-Barrio Trinidad-Centro,T4-026,64,15439.84,1,S,,N,S
689,4025,00000,Aeropuerto-Terminal del Sur-Centro,T4-025,52,12390.73,1,S,,N,S
691,4009,00000,Estrella Minorista,T4-009,,,1,N,LA ENTIDAD AMVA SOLICITA REGISTRARLA COMO INACTIVA,N,S
692,4027,00000,La Colinita,T4-027,89,21463.25,1,N,LA ENTIDAD AMVA SOLICITA REGISTRARLA COMO INACTIVA,N,S
712,5508,00000,Medellín-Sabaneta-Vegas-CES,M 46,63,15149.78,1,S,,N,S
678,20110,00000,Estación  Bello Barrio Pérez Comfama-Vereda Potrerito,C2-011,39,9310.26,3,S,,N,S
697,40020,00000,Aeropuerto - Terminal Sur - Metro,C4-002,18,4395.64,2,S,,N,S
680,200800,00000,París-Sector el Cafetal-Bello,U2-008,60,14355.6,11,S,,N,S
682,6202,00000,El Pinar-Altos-Centro,55,127,30386.56,1,S,,N,S
683,6204,00000,El Pinar (Periférica). Parque Comfenalco-Estación Sto Domingo,055AL,83,19986.04,1,N,Se inactiva por orden de Claudia Díaz y Juan David Muñoz, luego de no evidenciar carga de archivos durante los meses de febrero a septiembre del 2020.,N,S
684,6203,00000,El Pinar-Manantiales-Centro,55,91,21836.94,1,N,Aún no se traslada la empresa,N,S
709,662,,,,26,6171.54,,N,Elimininada fecha: Wed Apr 29 07:45:41 COT 2020,N,N
711,5408,00000,Medellín-Envigado-Rosellon-Poblado Derecho,M39B,54,13025.34,1,S,,N,S
703,6661,00000,RUTA2TESTING,000002,26,6171.54,7,N,Elimininada fecha: Wed Apr 29 07:55:14 COT 2020,N,N
694,42090,00000,La Nueva - Estación Itagui,C4-025,24,5809.99,2,S,,N,S
708,52050,00000,María Auxiliadora - Lomitas,C5-003,59,14051.28,3,S,,N,S
698,400200,00000,Olivares,R4-002,,,2,N,Elimininada fecha: Wed Apr 29 07:51:22 COT 2020,N,N
